{
    "eval_loss": 0.19484789669513702,
    "eval_accuracy": 0.9410640331315706,
    "eval_runtime": 10.5948,
    "eval_samples_per_second": 296.276,
    "eval_steps_per_second": 37.094,
    "epoch": 15.0
}